{
  "instances": [ 
        {
            "id": 1,
            "name": "BlueSky Technologies"
        },
        {
            "id": 2,
            "name": "Infinite Robotics"
        },
        {
            "id": 3,
            "name": "MagnaTech Industries"
        },
        {
            "id": 4,
            "name": "Omega Energy Group"
        },
        {
            "id": 5,
            "name": "Sunflower Foods"
        }
    ],
    "reports" : [
        {
            "id": 1,
            "instanceName":"teste",
            "updatedSet":"Caso 2563",
            "author":"eduarda",
            "updateDate":"10/01/2023",
            "createdComponent":"teste 1",
            "comments": "teste 1"
        },
        {
            "id": 2,
            "instanceName":"teste",
            "updatedSet":"Caso 6531",
            "author":"maria",
            "updateDate":"15/02/23",
            "createdComponent":"teste",
            "comments":"teste"
        },
        {
            "id": 3,
            "instanceName":"teste",
            "updatedSet":"Caso 3659",
            "author":"joão",
            "updateDate":"30/03/2023",
            "createdComponent":"teste",
            "comments":"teste"
        },
        {
            "id": 4,
            "instanceName":"teste",
            "updatedSet":"Caso 5462",
            "author":"ciclano",
            "updateDate":"05/04/2023",
            "createdComponent":"teste",
            "comments":"teste"
        },
        {
            "id": 5,
            "instanceName":"teste",
            "updatedSet":"Caso 6396",
            "author":"fulano",
            "updateDate":"01/05/2023",
            "createdComponent":"teste",
            "comments":"teste"
        }
    ]
}